{"High": {"precision": 1.0, "recall": 0.9534883720930233, "f1-score": 0.9761904761904762, "support": 43.0}, "Low": {"precision": 1.0, "recall": 1.0, "f1-score": 1.0, "support": 56.0}, "Moderate": {"precision": 0.9880952380952381, "recall": 1.0, "f1-score": 0.9940119760479041, "support": 166.0}, "Very High": {"precision": 1.0, "recall": 1.0, "f1-score": 1.0, "support": 7.0}, "Very Low": {"precision": 1.0, "recall": 1.0, "f1-score": 1.0, "support": 28.0}, "accuracy": 0.9933333333333333, "macro avg": {"precision": 0.9976190476190476, "recall": 0.9906976744186047, "f1-score": 0.9940404904476761, "support": 300.0}, "weighted avg": {"precision": 0.9934126984126984, "recall": 0.9933333333333333, "f1-score": 0.9932739283338087, "support": 300.0}}